id,name,lastname,address
99134f92-572d-44dc-bae9-126e270f00ad,Rafaelita,Wilmington,PO Box 98160
a2c54cc8-002a-4fb3-ae50-5f8c24143dfb,Dulci,Hunter,Suite 60
c7db8c0a-6ad9-4414-9fb6-4c432f56d981,Guntar,Ipsly,Apt 1552
0bbd85f6-3081-400f-97e4-10cd5724b9aa,Teresina,Linnett,7th Floor
23d5039f-0e94-4386-bd66-dc04a17062a4,Preston,Gherarducci,PO Box 31362
81bd969c-61f3-44da-892d-f1663f634725,Yelena,Borwick,Suite 54
9a2b2e74-68e0-449c-81a1-01ca85549680,Janel,Chartman,Apt 1439
4c0e5a5e-7782-42ca-a4c5-3428cee779f0,Boigie,Prandini,Room 1773
c840265b-b373-44f6-afbf-916ed24ec496,Deerdre,Matschek,7th Floor
5588d84f-8d4c-45ec-9494-13971dab00f5,Odo,Puvia,Apt 81
52478dac-1e5f-4d79-ba18-f97813755f74,Fidela,Sedgeman,10th Floor
2723b61d-5632-46b9-b295-f5ed9abaaca9,Lela,Fleury,Apt 1595
2d91ec55-5422-410c-a55b-261edc7c30d8,Lorain,Dargie,PO Box 92632
9fd7f59b-3a80-44e2-a585-2bbcae3a0ef9,Codee,Spira,4th Floor
814ba122-4b70-4499-83e7-6998eb0d526a,Reinaldo,Rainsden,Apt 728
